code,libelle,niveau,source
111,Cultures agricoles,3,CNESST — Classement de l'établissement par niveau (SCIAN 2012)
112,Élevage et aquaculture,3,CNESST — Classement de l'établissement par niveau (SCIAN 2012)
113,Foresterie et exploitation forestière,4,CNESST — Classement de l'établissement par niveau (SCIAN 2012)
114,"Pêche, chasse et piégeage",3,CNESST — Classement de l'établissement par niveau (SCIAN 2012)
115,Activités de soutien à l'agriculture et à la foresterie,4,CNESST — Classement de l'établissement par niveau (SCIAN 2012)
211,Extraction de pétrole et de gaz,2,CNESST — Classement de l'établissement par niveau (SCIAN 2012)
212,Extraction minière et exploitation en carrière (sauf l'extraction de pétrole et de gaz),4,CNESST — Classement de l'établissement par niveau (SCIAN 2012)
213,"Activités de soutien à l'extraction minière, pétrolière et gazière",4,CNESST — Classement de l'établissement par niveau (SCIAN 2012)
221,Services publics,1,CNESST — Classement de l'établissement par niveau (SCIAN 2012)
236,Construction de bâtiments,1,CNESST — Classement de l'établissement par niveau (SCIAN 2012)
237,Travaux de génie civil,1,CNESST — Classement de l'établissement par niveau (SCIAN 2012)
238,Entrepreneurs spécialisés,1,CNESST — Classement de l'établissement par niveau (SCIAN 2012)
311,Fabrication d'aliments,4,CNESST — Classement de l'établissement par niveau (SCIAN 2012)
312,Fabrication de boissons et de produits du tabac,4,CNESST — Classement de l'établissement par niveau (SCIAN 2012)
313,Usines de textiles,4,CNESST — Classement de l'établissement par niveau (SCIAN 2012)
314,Usines de produits textiles,4,CNESST — Classement de l'établissement par niveau (SCIAN 2012)
315,Fabrication de vêtements,2,CNESST — Classement de l'établissement par niveau (SCIAN 2012)
316,Fabrication de produits en cuir et de produits analogues,3,CNESST — Classement de l'établissement par niveau (SCIAN 2012)
321,Fabrication de produits en bois,4,CNESST — Classement de l'établissement par niveau (SCIAN 2012)
322,Fabrication du papier,2,CNESST — Classement de l'établissement par niveau (SCIAN 2012)
323,Impression et activités connexes de soutien,1,CNESST — Classement de l'établissement par niveau (SCIAN 2012)
324,Fabrication de produits du pétrole et du charbon,1,CNESST — Classement de l'établissement par niveau (SCIAN 2012)
325,Fabrication de produits chimiques,4,CNESST — Classement de l'établissement par niveau (SCIAN 2012)
326,Fabrication de produits en plastique et en caoutchouc,4,CNESST — Classement de l'établissement par niveau (SCIAN 2012)
327,Fabrication de produits minéraux non métalliques,4,CNESST — Classement de l'établissement par niveau (SCIAN 2012)
331,Première transformation des métaux,4,CNESST — Classement de l'établissement par niveau (SCIAN 2012)
332,Fabrication de produits métalliques,4,CNESST — Classement de l'établissement par niveau (SCIAN 2012)
333,Fabrication de machines,4,CNESST — Classement de l'établissement par niveau (SCIAN 2012)
334,Fabrication de produits informatiques et électroniques,3,CNESST — Classement de l'établissement par niveau (SCIAN 2012)
335,"Fabrication de matériel, d'appareils et de composants électriques",4,CNESST — Classement de l'établissement par niveau (SCIAN 2012)
336,Fabrication de matériel de transport,4,CNESST — Classement de l'établissement par niveau (SCIAN 2012)
337,Fabrication de meubles et de produits connexes,4,CNESST — Classement de l'établissement par niveau (SCIAN 2012)
339,Activités diverses de fabrication,1,CNESST — Classement de l'établissement par niveau (SCIAN 2012)
411,Grossistes-marchands de produits agricoles,1,CNESST — Classement de l'établissement par niveau (SCIAN 2012)
412,Grossistes-marchands de pétrole et de produits pétroliers,4,CNESST — Classement de l'établissement par niveau (SCIAN 2012)
413,"Grossistes-marchands de produits alimentaires, de boissons et de tabac",4,CNESST — Classement de l'établissement par niveau (SCIAN 2012)
414,Grossistes-marchands d'articles personnels et ménagers,1,CNESST — Classement de l'établissement par niveau (SCIAN 2012)
415,"Grossistes-marchands de véhicules automobiles, et de pièces et d'accessoires de véhicules automobiles",1,CNESST — Classement de l'établissement par niveau (SCIAN 2012)
416,Grossistes-marchands de matériaux et fournitures de construction,1,CNESST — Classement de l'établissement par niveau (SCIAN 2012)
417,"Grossistes-marchands de machines, de matériel et de fournitures",1,CNESST — Classement de l'établissement par niveau (SCIAN 2012)
418,Grossistes-marchands de produits divers,1,CNESST — Classement de l'établissement par niveau (SCIAN 2012)
419,"Commerce électronique de gros entre entreprises, et agents et courtiers",2,CNESST — Classement de l'établissement par niveau (SCIAN 2012)
441,Concessionnaires de véhicules et de pièces automobiles,1,CNESST — Classement de l'établissement par niveau (SCIAN 2012)
442,Magasins de meubles et d'accessoires de maison,4,CNESST — Classement de l'établissement par niveau (SCIAN 2012)
443,Magasins d'appareils électroniques et ménagers,1,CNESST — Classement de l'établissement par niveau (SCIAN 2012)
444,Marchands de matériaux de construction et de matériel et fournitures de jardinage,2,CNESST — Classement de l'établissement par niveau (SCIAN 2012)
445,Magasins d'alimentation,2,CNESST — Classement de l'établissement par niveau (SCIAN 2012)
446,Magasins de produits de santé et de soins personnels,1,CNESST — Classement de l'établissement par niveau (SCIAN 2012)
447,Stations-service,2,CNESST — Classement de l'établissement par niveau (SCIAN 2012)
448,Magasins de vêtements et d'accessoires vestimentaires,1,CNESST — Classement de l'établissement par niveau (SCIAN 2012)
451,"Magasins d'articles de sport, d'articles de passe-temps, d'articles de musique et de livres",1,CNESST — Classement de l'établissement par niveau (SCIAN 2012)
452,Magasins de marchandises diverses,4,CNESST — Classement de l'établissement par niveau (SCIAN 2012)
453,Magasins de détail divers,1,CNESST — Classement de l'établissement par niveau (SCIAN 2012)
454,Détaillants hors magasin,1,CNESST — Classement de l'établissement par niveau (SCIAN 2012)
481,Transport aérien,1,CNESST — Classement de l'établissement par niveau (SCIAN 2012)
482,Transport ferroviaire,2,CNESST — Classement de l'établissement par niveau (SCIAN 2012)
483,Transport par eau,2,CNESST — Classement de l'établissement par niveau (SCIAN 2012)
484,Transport par camion,4,CNESST — Classement de l'établissement par niveau (SCIAN 2012)
485,Transport en commun et transport terrestre de voyageurs,4,CNESST — Classement de l'établissement par niveau (SCIAN 2012)
486,Transport par pipeline,2,CNESST — Classement de l'établissement par niveau (SCIAN 2012)
487,Transport de tourisme et d'agrément,2,CNESST — Classement de l'établissement par niveau (SCIAN 2012)
488,Activités de soutien au transport,2,CNESST — Classement de l'établissement par niveau (SCIAN 2012)
491,Services postaux,2,CNESST — Classement de l'établissement par niveau (SCIAN 2012)
492,Messageries et services de messagers,4,CNESST — Classement de l'établissement par niveau (SCIAN 2012)
493,Entreposage,4,CNESST — Classement de l'établissement par niveau (SCIAN 2012)
511,Édition (sauf par Internet),1,CNESST — Classement de l'établissement par niveau (SCIAN 2012)
512,Industries du film et de l'enregistrement sonore,1,CNESST — Classement de l'établissement par niveau (SCIAN 2012)
515,Radiotélévision (sauf par Internet),1,CNESST — Classement de l'établissement par niveau (SCIAN 2012)
517,Télécommunications,1,CNESST — Classement de l'établissement par niveau (SCIAN 2012)
518,"Traitement de données, hébergement de données et services connexes",1,CNESST — Classement de l'établissement par niveau (SCIAN 2012)
519,Autres services d'information,1,CNESST — Classement de l'établissement par niveau (SCIAN 2012)
521,Autorités monétaires – banque centrale,2,CNESST — Classement de l'établissement par niveau (SCIAN 2012)
522,Intermédiation financière et activités connexes,1,CNESST — Classement de l'établissement par niveau (SCIAN 2012)
523,"Valeurs mobilières, contrats de marchandises et autres activités d'investissement financier connexes",1,CNESST — Classement de l'établissement par niveau (SCIAN 2012)
524,Sociétés d'assurance et activités connexes,1,CNESST — Classement de l'établissement par niveau (SCIAN 2012)
526,Fonds et autres instruments financiers,1,CNESST — Classement de l'établissement par niveau (SCIAN 2012)
531,Services immobiliers,2,CNESST — Classement de l'établissement par niveau (SCIAN 2012)
532,Services de location et de location à bail,2,CNESST — Classement de l'établissement par niveau (SCIAN 2012)
533,Bailleurs de biens incorporels non financiers (sauf les œuvres protégées par le droit d'auteur),2,CNESST — Classement de l'établissement par niveau (SCIAN 2012)
541,"Services professionnels, scientifiques et techniques",1,CNESST — Classement de l'établissement par niveau (SCIAN 2012)
551,Gestion de sociétés et d'entreprises,1,CNESST — Classement de l'établissement par niveau (SCIAN 2012)
561,Services administratifs et services de soutien,3,CNESST — Classement de l'établissement par niveau (SCIAN 2012)
562,Services de gestion des déchets et d'assainissement,4,CNESST — Classement de l'établissement par niveau (SCIAN 2012)
611,Services d'enseignement,2,CNESST — Classement de l'établissement par niveau (SCIAN 2012)
621,Services de soins de santé ambulatoires,4,CNESST — Classement de l'établissement par niveau (SCIAN 2012)
622,Hôpitaux,4,CNESST — Classement de l'établissement par niveau (SCIAN 2012)
623,Établissements de soins infirmiers et de soins pour bénéficiaires internes,4,CNESST — Classement de l'établissement par niveau (SCIAN 2012)
624,Assistance sociale,3,CNESST — Classement de l'établissement par niveau (SCIAN 2012)
711,"Arts d'interprétation, sports-spectacles et activités connexes",1,CNESST — Classement de l'établissement par niveau (SCIAN 2012)
712,Établissements du patrimoine,1,CNESST — Classement de l'établissement par niveau (SCIAN 2012)
713,"Divertissement, loisirs, jeux de hasard et loteries",1,CNESST — Classement de l'établissement par niveau (SCIAN 2012)
721,Services d'hébergement,4,CNESST — Classement de l'établissement par niveau (SCIAN 2012)
722,Services de restauration et débits de boissons,2,CNESST — Classement de l'établissement par niveau (SCIAN 2012)
811,Réparation et entretien,4,CNESST — Classement de l'établissement par niveau (SCIAN 2012)
812,Services personnels et services de blanchissage,2,CNESST — Classement de l'établissement par niveau (SCIAN 2012)
813,"Organismes religieux, fondations, groupes de citoyens et organisations professionnelles et similaires",2,CNESST — Classement de l'établissement par niveau (SCIAN 2012)
814,Ménages privés,2,CNESST — Classement de l'établissement par niveau (SCIAN 2012)
911,Administration publique fédérale,2,CNESST — Classement de l'établissement par niveau (SCIAN 2012)
912,Administrations publiques provinciales et territoriales,1,CNESST — Classement de l'établissement par niveau (SCIAN 2012)
913,"Administrations publiques locales, municipales et régionales",3,CNESST — Classement de l'établissement par niveau (SCIAN 2012)
914,Administrations publiques autochtones,3,CNESST — Classement de l'établissement par niveau (SCIAN 2012)
919,Organismes publics internationaux et autres organismes publics extraterritoriaux,2,CNESST — Classement de l'établissement par niveau (SCIAN 2012)
